{"mean": [12.758107577970055, 7858119.935315095, 11.462804851470043, 2444.617207081054, 6.786041398775145, 10670.353076030338, 427.88945501215983], "scale": [5.35753216252204, 25091123.895489518, 735.6431854630913, 10746.915846818218, 915.4854124133143, 2095486.2051744119, 646.2022908979128]}